{
  "loss": [
    0.30559006333351135,
    0.15457352995872498,
    0.12985415756702423,
    0.12154683470726013,
    0.11854280531406403,
    0.11680982261896133,
    0.11473401635885239,
    0.11357873678207397,
    0.11301064491271973,
    0.11235683411359787,
    0.11154805123806,
    0.11235068738460541,
    0.11121075600385666,
    0.11112479120492935,
    0.11070903390645981,
    0.11008832603693008,
    0.111247219145298,
    0.10980059951543808,
    0.10961762070655823,
    0.11042376607656479
  ],
  "precision": [
    0.9024943113327026,
    0.8839966058731079,
    0.931208074092865,
    0.9463537335395813,
    0.9487394690513611,
    0.9527824521064758,
    0.9569982886314392,
    0.950710117816925,
    0.9587194323539734,
    0.9627118706703186,
    0.9707400798797607,
    0.961799681186676,
    0.9642857313156128,
    0.9533721804618835,
    0.9717223644256592,
    0.963466465473175,
    0.9730902910232544,
    0.9749568104743958,
    0.9741379022598267,
    0.9675490856170654
  ],
  "recall": [
    0.2423873394727707,
    0.6358100175857544,
    0.6760048866271973,
    0.6875761151313782,
    0.6875761151313782,
    0.6881851553916931,
    0.6912301778793335,
    0.6930572390556335,
    0.6930572390556335,
    0.6918392181396484,
    0.686967134475708,
    0.6900121569633484,
    0.6906211972236633,
    0.6973203420639038,
    0.6906211972236633,
    0.6906211972236633,
    0.6827040314674377,
    0.6875761151313782,
    0.6881851553916931,
    0.6900121569633484
  ],
  "val_loss": [
    0.16967657208442688,
    0.13329361379146576,
    0.12362407147884369,
    0.11775276064872742,
    0.11659937351942062,
    0.11227840930223465,
    0.11093181371688843,
    0.10732487589120865,
    0.10640454292297363,
    0.10506097972393036,
    0.10390341281890869,
    0.10456831753253937,
    0.10825672745704651,
    0.10414119064807892,
    0.10632368922233582,
    0.1094849705696106,
    0.10710646957159042,
    0.10534019768238068,
    0.10593156516551971,
    0.10672562569379807
  ],
  "val_precision": [
    0.8543307185173035,
    0.93359375,
    0.9459459185600281,
    0.9647058844566345,
    0.95686274766922,
    0.9465649127960205,
    0.953125,
    0.9649805426597595,
    0.9649805426597595,
    0.9649805426597595,
    0.9649805426597595,
    0.9649805426597595,
    0.9649805426597595,
    0.9649805426597595,
    0.9649805426597595,
    0.9649805426597595,
    0.9763779640197754,
    0.9649805426597595,
    0.9763779640197754,
    0.9725490212440491
  ],
  "val_recall": [
    0.6164772510528564,
    0.6789772510528564,
    0.6960227489471436,
    0.6988636255264282,
    0.6931818127632141,
    0.7045454382896423,
    0.6931818127632141,
    0.7045454382896423,
    0.7045454382896423,
    0.7045454382896423,
    0.7045454382896423,
    0.7045454382896423,
    0.7045454382896423,
    0.7045454382896423,
    0.7045454382896423,
    0.7045454382896423,
    0.7045454382896423,
    0.7045454382896423,
    0.7045454382896423,
    0.7045454382896423
  ]
}