{
  "loss": [
    0.30559006333351135,
    0.15457454323768616,
    0.12987394630908966,
    0.12152182310819626,
    0.11849823594093323,
    0.11675774306058884,
    0.11463133990764618,
    0.11346022039651871,
    0.11291029304265976,
    0.11229842901229858,
    0.11157754063606262,
    0.1121809333562851,
    0.11099494248628616,
    0.11095453053712845,
    0.11046580225229263,
    0.11002051830291748,
    0.11133382469415665,
    0.10985679924488068,
    0.10970816761255264,
    0.11034804582595825
  ],
  "precision": [
    0.9024943113327026,
    0.8839966058731079,
    0.929648220539093,
    0.9462636709213257,
    0.9510135054588318,
    0.9543918967247009,
    0.9586148858070374,
    0.9514237642288208,
    0.9633418321609497,
    0.9625850319862366,
    0.9707400798797607,
    0.9626168012619019,
    0.963466465473175,
    0.9509151577949524,
    0.971673846244812,
    0.963466465473175,
    0.9722462892532349,
    0.9749568104743958,
    0.9732758402824402,
    0.9674935936927795
  ],
  "recall": [
    0.2423873394727707,
    0.6358100175857544,
    0.6760048866271973,
    0.6863580942153931,
    0.6857491135597229,
    0.6881851553916931,
    0.6912301778793335,
    0.6918392181396484,
    0.6881851553916931,
    0.6894031763076782,
    0.686967134475708,
    0.6900121569633484,
    0.6906211972236633,
    0.6961023211479187,
    0.6894031763076782,
    0.6906211972236633,
    0.6827040314674377,
    0.6875761151313782,
    0.6875761151313782,
    0.6887941360473633
  ],
  "val_loss": [
    0.16967657208442688,
    0.13329219818115234,
    0.12355030328035355,
    0.1175900399684906,
    0.11646542698144913,
    0.11222141236066818,
    0.11100630462169647,
    0.10701355338096619,
    0.10655350238084793,
    0.10529384016990662,
    0.10394706577062607,
    0.10449764132499695,
    0.10907178372144699,
    0.10420314222574234,
    0.10666748136281967,
    0.10883828997612,
    0.10687269270420074,
    0.10539483278989792,
    0.10574840754270554,
    0.1066708043217659
  ],
  "val_precision": [
    0.8543307185173035,
    0.93359375,
    0.9459459185600281,
    0.9647058844566345,
    0.95686274766922,
    0.9501915574073792,
    0.953125,
    0.9649805426597595,
    0.9649805426597595,
    0.9649805426597595,
    0.9649805426597595,
    0.9649805426597595,
    0.9649805426597595,
    0.9649805426597595,
    0.9649805426597595,
    0.961240291595459,
    0.9763779640197754,
    0.961240291595459,
    0.9763779640197754,
    0.9725490212440491
  ],
  "val_recall": [
    0.6164772510528564,
    0.6789772510528564,
    0.6960227489471436,
    0.6988636255264282,
    0.6931818127632141,
    0.7045454382896423,
    0.6931818127632141,
    0.7045454382896423,
    0.7045454382896423,
    0.7045454382896423,
    0.7045454382896423,
    0.7045454382896423,
    0.7045454382896423,
    0.7045454382896423,
    0.7045454382896423,
    0.7045454382896423,
    0.7045454382896423,
    0.7045454382896423,
    0.7045454382896423,
    0.7045454382896423
  ]
}